,youtuber,vedio_id,link,vedio_title,description,post_time,views
0, Cooper Academy - Investing ,FTZJSQPwK-o,https://www.youtube.com/watch?v=FTZJSQPwK-o,5 Stocks To Buy In The 2020 Stock Market Crash,"5 Stocks To Buy In The 2020 Stock Market Crash by Cooper Academy - Investing 3 months ago 11 minutes, 43 seconds 410,178 views",3 months,"410,178"
1, Ryan Scribner ,6uzK1CkBO-A,https://www.youtube.com/watch?v=6uzK1CkBO-A,Is AAL Stock A Buy @ $9? American Airlines 200% Return?,"Is AAL Stock A Buy @ $9? American Airlines 200% Return? by Ryan Scribner 3 months ago 18 minutes 306,669 views",3 months,"306,669"
2, Project Life Mastery ,Ti4BCkxciVs,https://www.youtube.com/watch?v=Ti4BCkxciVs,"How To Buy Stocks For Beginners (Watch Me Invest $10,000)","How To Buy Stocks For Beginners (Watch Me Invest $10,000) by Project Life Mastery 3 months ago 28 minutes 297,539 views",3 months,"297,539"
3, Charlie Chang ,KNDmHsICjyQ,https://www.youtube.com/watch?v=KNDmHsICjyQ,The TOP 7 Stocks To Buy In June 2020 (High Growth),"The TOP 7 Stocks To Buy In June 2020 (High Growth) by Charlie Chang 1 month ago 19 minutes 286,307 views",1 month,"286,307"
4, Charlie Chang ,F2RdHCzVIHE,https://www.youtube.com/watch?v=F2RdHCzVIHE,The TOP 7 Stocks To Buy In May 2020 (High Growth),"The TOP 7 Stocks To Buy In May 2020 (High Growth) by Charlie Chang 2 months ago 22 minutes 285,986 views",2 months,"285,986"
5, Charlie Chang ,2uch9VXjmPA,https://www.youtube.com/watch?v=2uch9VXjmPA,The TOP 7 Stocks to Buy For 2020 (High Growth),"The TOP 7 Stocks to Buy For 2020 (High Growth) by Charlie Chang 2 months ago 17 minutes 273,535 views",2 months,"273,535"
6, Financial Education ,9vteAQJcHgk,https://www.youtube.com/watch?v=9vteAQJcHgk,10 Stocks Down 60%+ Are these Stocks to buy now?!,"10 Stocks Down 60%+ Are these Stocks to buy now?! by Financial Education 2 3 months ago 30 minutes 259,693 views",3 months,"259,693"
7, Charlie Chang ,vAIYNoOGAsI,https://www.youtube.com/watch?v=vAIYNoOGAsI,The TOP 10 Stocks to Buy For 2020 (Recession Proof),"The TOP 10 Stocks to Buy For 2020 (Recession Proof) by Charlie Chang 2 months ago 22 minutes 246,721 views",2 months,"246,721"
8, CNBC Television ,wWytTBN2E4Q,https://www.youtube.com/watch?v=wWytTBN2E4Q,Jim Cramer: 10 tech stocks to buy now in this coronavirus-plagued market,"Jim Cramer: 10 tech stocks to buy now in this coronavirus-plagued market by CNBC Television 4 months ago 12 minutes, 42 seconds 227,841 views",4 months,"227,841"
9, The Motley Fool Streamed ,ZqwwsGm6ET0,https://www.youtube.com/watch?v=ZqwwsGm6ET0,The Best Stocks to Buy for 2020,"The Best Stocks to Buy for 2020 by The Motley Fool Streamed 6 months ago 31 minutes 226,636 views",6 months,"226,636"
10, Financial Education ,AZcO1H8J8H4,https://www.youtube.com/watch?v=AZcO1H8J8H4,5G Stocks To Watch Now! 5G Stocks to Buy?!,"5G Stocks To Watch Now! 5G Stocks to Buy?! by Financial Education 3 months ago 32 minutes 224,870 views",3 months,"224,870"
11," Let's Talk Money! with Joseph Hogue, CFA ",mNmlUhlIdqA,https://www.youtube.com/watch?v=mNmlUhlIdqA,5 Best Stocks to Buy Now for Triple-Digit Returns,"5 Best Stocks to Buy Now for Triple-Digit Returns by Let's Talk Money! with Joseph Hogue, CFA 3 months ago 19 minutes 222,782 views",3 months,"222,782"
12, ZipTrader ,1rV1bArnUCU,https://www.youtube.com/watch?v=1rV1bArnUCU,7 Top Penny Stocks To Buy üî•| June 2020,"7 Top Penny Stocks To Buy üî•| June 2020 by ZipTrader 1 month ago 13 minutes, 20 seconds 213,282 views",1 month,"213,282"
13, The Sun ,RHoSJpKDDF0,https://www.youtube.com/watch?v=RHoSJpKDDF0,Trump buys up entire stock of coronavirus drug remdesivir ‚Äì sparking fury among medics,"Trump buys up entire stock of coronavirus drug remdesivir ‚Äì sparking fury among medics by The Sun 5 days ago 1 minute, 37 seconds 208,442 views",5 days,"208,442"
14, JJ Buckner ,pnKZdFzaxGQ,https://www.youtube.com/watch?v=pnKZdFzaxGQ,7 Dividend Stocks to Buy and Hold FOREVER,"7 Dividend Stocks to Buy and Hold FOREVER by JJ Buckner 4 months ago 11 minutes, 50 seconds 207,738 views",4 months,"207,738"
15, Fantastic Nifty ,p8EkLBRiROY,https://www.youtube.com/watch?v=p8EkLBRiROY,Best Penny Stock in India to buy now | Penny shares for long term | top multibagger penny stocks,"Best Penny Stock in India to buy now | Penny shares for long term | top multibagger penny stocks by Fantastic Nifty 1 month ago 10 minutes, 7 seconds 196,372 views",1 month,"196,372"
16, Cooper Academy - Investing ,svG3pkXda48,https://www.youtube.com/watch?v=svG3pkXda48,7 Stocks Down OVER 50%. Are They A Buy Now?,"7 Stocks Down OVER 50%. Are They A Buy Now? by Cooper Academy - Investing 3 months ago 11 minutes, 48 seconds 182,010 views",3 months,"182,010"
17, Charlie Chang ,76_0WMJEPfk,https://www.youtube.com/watch?v=76_0WMJEPfk,The TOP 5 Oil Stocks to Buy for 2020 (High Growth),"The TOP 5 Oil Stocks to Buy for 2020 (High Growth) by Charlie Chang 2 months ago 15 minutes 163,475 views",2 months,"163,475"
18, Financial Education ,tzD0teQv9E0,https://www.youtube.com/watch?v=tzD0teQv9E0,Top 10 Stocks I want to Buy with the Stock Market Going DOWN,"Top 10 Stocks I want to Buy with the Stock Market Going DOWN by Financial Education 3 months ago 22 minutes 156,075 views",3 months,"156,075"
19, YASH Tv ,lPBZ5vDneR4,https://www.youtube.com/watch?v=lPBZ5vDneR4,10 Best Stocks to Buy in 2020 | ‡§Æ‡§Ç‡§¶‡•Ä ‡§ï‡•á ‡§¨‡§æ‡§ú‡§æ‡§∞ ‡§Æ‡•á‡§Ç FUNDAMENTALLY STRONG SHARES #ShareMarket YASHTv,"10 Best Stocks to Buy in 2020 | ‡§Æ‡§Ç‡§¶‡•Ä ‡§ï‡•á ‡§¨‡§æ‡§ú‡§æ‡§∞ ‡§Æ‡•á‡§Ç FUNDAMENTALLY STRONG SHARES #ShareMarket YASHTv by YASH Tv 3 months ago 16 minutes 153,980 views",3 months,"153,980"
20, ZipTrader ,Q76bFUvxG6g,https://www.youtube.com/watch?v=Q76bFUvxG6g,7 Top Penny Stocks To Buy üî•| May 2020,"7 Top Penny Stocks To Buy üî•| May 2020 by ZipTrader 2 months ago 14 minutes 142,629 views",2 months,"142,629"
21, The Motley Fool Streamed ,wtVOD1buaRk,https://www.youtube.com/watch?v=wtVOD1buaRk,Top 5G Stocks to Buy Now!,"Top 5G Stocks to Buy Now! by The Motley Fool Streamed 5 months ago 25 minutes 142,114 views",5 months,"142,114"
22, Chicken Genius Singapore ,xW1HLlxBrr4,https://www.youtube.com/watch?v=xW1HLlxBrr4,Best Stock Market Strategy Ever. Period | Best stocks to buy now | Tesla stock,"Best Stock Market Strategy Ever. Period | Best stocks to buy now | Tesla stock by Chicken Genius Singapore 2 months ago 10 minutes, 6 seconds 135,532 views",2 months,"135,532"
23, Financial Education ,I60QN_iU6ug,https://www.youtube.com/watch?v=I60QN_iU6ug,Top 5 Stocks Down 50%+! Stocks to Buy Now?!,"Top 5 Stocks Down 50%+! Stocks to Buy Now?! by Financial Education 2 1 month ago 23 minutes 132,900 views",1 month,"132,900"
24," Let's Talk Money! with Joseph Hogue, CFA ",g-p0kDRAuaU,https://www.youtube.com/watch?v=g-p0kDRAuaU,5 Best Stocks under $5 to Buy for 2020,"5 Best Stocks under $5 to Buy for 2020 by Let's Talk Money! with Joseph Hogue, CFA 7 months ago 10 minutes 124,312 views",7 months,"124,312"
25, ZipTrader ,WH5_yEwXC5s,https://www.youtube.com/watch?v=WH5_yEwXC5s,6 Top Penny Stocks To BuyüöÄ| April 2020,"6 Top Penny Stocks To BuyüöÄ| April 2020 by ZipTrader 3 months ago 15 minutes 120,097 views",3 months,"120,097"
26, Cooper Academy - Investing ,Tkimihccefs,https://www.youtube.com/watch?v=Tkimihccefs,Warren Buffett: Should We Buy Stocks Now Or Wait?,"Warren Buffett: Should We Buy Stocks Now Or Wait? by Cooper Academy - Investing 3 months ago 10 minutes, 13 seconds 110,897 views",3 months,"110,897"
27, The Motley Fool Streamed ,whFB72nhQiM,https://www.youtube.com/watch?v=whFB72nhQiM,The Best High Dividend Stocks to Buy Now,"The Best High Dividend Stocks to Buy Now by The Motley Fool Streamed 4 months ago 31 minutes 102,973 views",4 months,"102,973"
28," Let's Talk Money! with Joseph Hogue, CFA ",49Jr1O3rQAU,https://www.youtube.com/watch?v=49Jr1O3rQAU,5 Best Tech Stocks to Buy Now for 2020,"5 Best Tech Stocks to Buy Now for 2020 by Let's Talk Money! with Joseph Hogue, CFA 7 months ago 15 minutes 101,127 views",7 months,"101,127"
29, Cooper Academy - Investing ,exbZIQqiv1w,https://www.youtube.com/watch?v=exbZIQqiv1w,Top 5 Stocks To Buy In 2020,"Top 5 Stocks To Buy In 2020 by Cooper Academy - Investing 6 months ago 11 minutes, 25 seconds 99,462 views",6 months,"99,462"
30, Charlie Chang ,0rYUH2bDbzg,https://www.youtube.com/watch?v=0rYUH2bDbzg,The TOP 7 Stocks To Buy In July 2020 (High Growth),"The TOP 7 Stocks To Buy In July 2020 (High Growth) by Charlie Chang 1 week ago 17 minutes 95,252 views",1 week,"95,252"
31, Ryan Scribner ,u_vwGEudAqc,https://www.youtube.com/watch?v=u_vwGEudAqc,My Top 5 Dividend Stocks To Buy In A Recession (Ep. 7),"My Top 5 Dividend Stocks To Buy In A Recession (Ep. 7) by Ryan Scribner 3 months ago 19 minutes 94,734 views",3 months,"94,734"
32," Let's Talk Money! with Joseph Hogue, CFA ",H8fLQsv_O8Y,https://www.youtube.com/watch?v=H8fLQsv_O8Y,5 Best Oil Stocks to Buy Now for 2020,"5 Best Oil Stocks to Buy Now for 2020 by Let's Talk Money! with Joseph Hogue, CFA 7 months ago 16 minutes 87,514 views",7 months,"87,514"
33, Proactive Thinker ,wkeoOa5KEec,https://www.youtube.com/watch?v=wkeoOa5KEec,What Stocks To Buy To Get Rich During This Pandemic,"What Stocks To Buy To Get Rich During This Pandemic by Proactive Thinker 2 months ago 10 minutes, 11 seconds 87,081 views",2 months,"87,081"
34, Ryan Scribner ,OMHkX-zG9vA,https://www.youtube.com/watch?v=OMHkX-zG9vA,6 HIGH YIELD Dividend Stocks To Buy Now!,"6 HIGH YIELD Dividend Stocks To Buy Now! by Ryan Scribner 2 months ago 15 minutes 82,867 views",2 months,"82,867"
35, Ryan Scribner ,31hjqUvKEro,https://www.youtube.com/watch?v=31hjqUvKEro,Is Carnival Cruise (CCL) Stock A Buy At $14? Bankruptcy Coming!?,"Is Carnival Cruise (CCL) Stock A Buy At $14? Bankruptcy Coming!? by Ryan Scribner 2 months ago 18 minutes 80,262 views",2 months,"80,262"
36, Fantastic Nifty ,A_q5B0L_ju0,https://www.youtube.com/watch?v=A_q5B0L_ju0,Morgan Stanley 20 stock buy list in market crash 2020 | multibagger shares for 5 years | latest news,"Morgan Stanley 20 stock buy list in market crash 2020 | multibagger shares for 5 years | latest news by Fantastic Nifty 2 months ago 10 minutes, 10 seconds 79,333 views",2 months,"79,333"
37, The Motley Fool Streamed ,zaCxXHpqduE,https://www.youtube.com/watch?v=zaCxXHpqduE,Best Marijuana Stocks to Buy in 2020,"Best Marijuana Stocks to Buy in 2020 by The Motley Fool Streamed 4 months ago 31 minutes 77,656 views",4 months,"77,656"
38, Jerry Romine Entrepreneur Abroad ,JVoolH-k97Q,https://www.youtube.com/watch?v=JVoolH-k97Q,TOP OIL STOCKS TO BUY 2020. Complete Analysis,"TOP OIL STOCKS TO BUY 2020. Complete Analysis by Jerry Romine Entrepreneur Abroad 2 months ago 19 minutes 77,120 views",2 months,"77,120"
39," Let's Talk Money! with Joseph Hogue, CFA ",U6DPmtlkjLo,https://www.youtube.com/watch?v=U6DPmtlkjLo,Stock Market Crash and Recession Stocks to Buy Now,"Stock Market Crash and Recession Stocks to Buy Now by Let's Talk Money! with Joseph Hogue, CFA 3 months ago 39 minutes 76,727 views",3 months,"76,727"
40, JJ Buckner ,ljfsvx1Wx0s,https://www.youtube.com/watch?v=ljfsvx1Wx0s,3 Stocks To Buy Now?!,"3 Stocks To Buy Now?! by JJ Buckner 1 month ago 14 minutes, 31 seconds 71,887 views",1 month,"71,887"
41, The Motley Fool Streamed ,GXP1qXVVBUk,https://www.youtube.com/watch?v=GXP1qXVVBUk,Cheap Stocks to Buy (That Aren't Penny Stocks!),"Cheap Stocks to Buy (That Aren't Penny Stocks!) by The Motley Fool Streamed 8 months ago 29 minutes 71,857 views",8 months,"71,857"
42, Brandon Beavis Investing ,yUmc5bi1dIs,https://www.youtube.com/watch?v=yUmc5bi1dIs,3 Canadian Stocks To Buy During This Stock Market Crash (For Beginners),"3 Canadian Stocks To Buy During This Stock Market Crash (For Beginners) by Brandon Beavis Investing 2 months ago 17 minutes 71,591 views",2 months,"71,591"
43, TruFinancials ,RvL8K_BgG78,https://www.youtube.com/watch?v=RvL8K_BgG78,How to Buy and Sell Stock on E-Trade,"How to Buy and Sell Stock on E-Trade by TruFinancials 5 months ago 8 minutes, 1 second 69,063 views",5 months,"69,063"
44," Let's Talk Money! with Joseph Hogue, CFA ",6DI83Av_sgY,https://www.youtube.com/watch?v=6DI83Av_sgY,10 Best Dividend Stocks to Buy for 2020,"10 Best Dividend Stocks to Buy for 2020 by Let's Talk Money! with Joseph Hogue, CFA 5 months ago 13 minutes, 21 seconds 67,781 views",5 months,"67,781"
45," Let's Talk Money! with Joseph Hogue, CFA ",yn3upcSBtJI,https://www.youtube.com/watch?v=yn3upcSBtJI,5 Best Telecom and 5G Stocks to Buy Now for 2020,"5 Best Telecom and 5G Stocks to Buy Now for 2020 by Let's Talk Money! with Joseph Hogue, CFA 6 months ago 13 minutes, 15 seconds 67,677 views",6 months,"67,677"
46, Financial Education ,8MoLX0BoDbs,https://www.youtube.com/watch?v=8MoLX0BoDbs,Top 5 Restaurant Stocks to Buy Now!,"Top 5 Restaurant Stocks to Buy Now! by Financial Education 1 week ago 22 minutes 65,586 views",1 week,"65,586"
47, Meet Kevin ,QOmq05E1Z30,https://www.youtube.com/watch?v=QOmq05E1Z30,The Best & Worst Stocks to Buy [April 2020],"The Best & Worst Stocks to Buy [April 2020] by Meet Kevin 2 months ago 13 minutes, 51 seconds 64,424 views",2 months,"64,424"
48, PensionCraft ,4fZ6Djt5Yig,https://www.youtube.com/watch?v=4fZ6Djt5Yig,What To Buy In A Stock Market Crash,"What To Buy In A Stock Market Crash by PensionCraft 3 months ago 14 minutes, 47 seconds 63,108 views",3 months,"63,108"
49, Brandon Beavis Investing ,d0H5_Cv7LM8,https://www.youtube.com/watch?v=d0H5_Cv7LM8,5 DIVIDEND STOCKS TO BUY & HOLD FOREVER 2020,"5 DIVIDEND STOCKS TO BUY & HOLD FOREVER 2020 by Brandon Beavis Investing 5 months ago 13 minutes, 25 seconds 63,069 views",5 months,"63,069"
50," Let's Talk Money! with Joseph Hogue, CFA ",xlFkrPVZ6So,https://www.youtube.com/watch?v=xlFkrPVZ6So,3 Stocks to Buy BEFORE the Next Stock Market Crash,"3 Stocks to Buy BEFORE the Next Stock Market Crash by Let's Talk Money! with Joseph Hogue, CFA 3 weeks ago 11 minutes, 1 second 62,955 views",3 weeks,"62,955"
51, CNBC Television ,E6jisBNi0B4,https://www.youtube.com/watch?v=E6jisBNi0B4,Stocks cheap to buy and hold through 2021: Matrix Asset Advisors CIO,"Stocks cheap to buy and hold through 2021: Matrix Asset Advisors CIO by CNBC Television 2 months ago 5 minutes, 39 seconds 61,636 views",2 months,"61,636"
52," Invest with Sven Carlin, Ph.D. ",2243veghKGc,https://www.youtube.com/watch?v=2243veghKGc,Oil Stocks Are A Buy Now - Oil Price Will Be Up Again - Full Analysis | High Dividends,"Oil Stocks Are A Buy Now - Oil Price Will Be Up Again - Full Analysis | High Dividends by Invest with Sven Carlin, Ph.D. 3 months ago 25 minutes 61,495 views",3 months,"61,495"
53, The Motley Fool Streamed ,sCXuS9WOlQA,https://www.youtube.com/watch?v=sCXuS9WOlQA,Best Blue Chip Stocks to Buy Now,"Best Blue Chip Stocks to Buy Now by The Motley Fool Streamed 4 months ago 30 minutes 60,482 views",4 months,"60,482"
54, CBC News ,zC8ZBlOFbpU,https://www.youtube.com/watch?v=zC8ZBlOFbpU,U.S. buys global supply of COVID-19 drug remdesivir,"U.S. buys global supply of COVID-19 drug remdesivir by CBC News 5 days ago 4 minutes, 20 seconds 57,072 views",5 days,"57,072"
55, ZipTrader ,Y_QIwmyQkKU,https://www.youtube.com/watch?v=Y_QIwmyQkKU,6 Top Penny Stocks To BuyüöÄ| March 2020,"6 Top Penny Stocks To BuyüöÄ| March 2020 by ZipTrader 4 months ago 15 minutes 54,777 views",4 months,"54,777"
56," Let's Talk Money! with Joseph Hogue, CFA ",-ObALLycWjo,https://www.youtube.com/watch?v=-ObALLycWjo,3 Best Dividend Stocks to Buy in May 2020,"3 Best Dividend Stocks to Buy in May 2020 by Let's Talk Money! with Joseph Hogue, CFA 2 months ago 9 minutes, 45 seconds 54,717 views",2 months,"54,717"
57, Brandon Beavis Investing ,ANhLT7KJdgs,https://www.youtube.com/watch?v=ANhLT7KJdgs,Stocks To Buy During This Stock Market Crash (For Beginners),"Stocks To Buy During This Stock Market Crash (For Beginners) by Brandon Beavis Investing 3 months ago 11 minutes, 9 seconds 54,595 views",3 months,"54,595"
58, The Motley Fool Streamed ,BX6LSeWLgMA,https://www.youtube.com/watch?v=BX6LSeWLgMA,How to Pick the Best Stocks to Buy,"How to Pick the Best Stocks to Buy by The Motley Fool Streamed 6 months ago 30 minutes 53,684 views",6 months,"53,684"
59," Let's Talk Money! with Joseph Hogue, CFA ",IaS1Syd2sRM,https://www.youtube.com/watch?v=IaS1Syd2sRM,5 Best Stocks to Buy and the Worst [Wall Street Predictions],"5 Best Stocks to Buy and the Worst [Wall Street Predictions] by Let's Talk Money! with Joseph Hogue, CFA 2 months ago 13 minutes, 31 seconds 53,660 views",2 months,"53,660"
60, Charlie Chang ,-xDW4i3ZKAk,https://www.youtube.com/watch?v=-xDW4i3ZKAk,Should You Buy Airline Stocks Now or Later?,"Should You Buy Airline Stocks Now or Later? by Charlie Chang 2 months ago 11 minutes, 55 seconds 52,797 views",2 months,"52,797"
61, Jerry Romine Entrepreneur Abroad ,dM6d3Ozcaw0,https://www.youtube.com/watch?v=dM6d3Ozcaw0,TOP PENNY STOCKS TO BUY 2020. Complete Analysis,"TOP PENNY STOCKS TO BUY 2020. Complete Analysis by Jerry Romine Entrepreneur Abroad 1 month ago 12 minutes, 46 seconds 51,497 views",1 month,"51,497"
62, CNBC Television ,Wi8cAOErSGg,https://www.youtube.com/watch?v=Wi8cAOErSGg,Which companies to invest in as coronavirus outbreak spreads: Ariel Investments Vice Chairman,"Which companies to invest in as coronavirus outbreak spreads: Ariel Investments Vice Chairman by CNBC Television 3 months ago 7 minutes, 16 seconds 51,018 views",3 months,"51,018"
63, Matthew Huo ,Usr-KP3ztkU,https://www.youtube.com/watch?v=Usr-KP3ztkU,"BEST STOCKS TO BUY NOW, JULY 2020 [Unique Picks!]","BEST STOCKS TO BUY NOW, JULY 2020 [Unique Picks!] by Matthew Huo 6 days ago 15 minutes 50,202 views",6 days,"50,202"
64, CNBC Television ,98ueQ_UyiEQ,https://www.youtube.com/watch?v=98ueQ_UyiEQ,Investors wipe $393 billion from Chinese stocks overnight,"Investors wipe $393 billion from Chinese stocks overnight by CNBC Television 5 months ago 5 minutes, 2 seconds 46,830 views",5 months,"46,830"
65, Jerry Romine Entrepreneur Abroad ,-3U2tNvwydI,https://www.youtube.com/watch?v=-3U2tNvwydI,TOP 11 STOCKS TO BUY 2020,"TOP 11 STOCKS TO BUY 2020 by Jerry Romine Entrepreneur Abroad 2 months ago 11 minutes, 33 seconds 46,806 views",2 months,"46,806"
66, CNBC Television ,0KBOqnG0KH8,https://www.youtube.com/watch?v=0KBOqnG0KH8,Jim Cramer: Here‚Äôs a list of stocks worth buying on a U.S.-China trade deal,"Jim Cramer: Here‚Äôs a list of stocks worth buying on a U.S.-China trade deal by CNBC Television 6 months ago 12 minutes, 53 seconds 46,520 views",6 months,"46,520"
67, Cooper Academy - Investing ,-k3qNIjpdSE,https://www.youtube.com/watch?v=-k3qNIjpdSE,3 Cheap Oil Stocks To Buy In 2020,"3 Cheap Oil Stocks To Buy In 2020 by Cooper Academy - Investing 2 months ago 11 minutes, 19 seconds 46,336 views",2 months,"46,336"
68, Wealth First ,ML-NoGSxqSo,https://www.youtube.com/watch?v=ML-NoGSxqSo,US IRAN TENSION | STOCKS TO BUY NOW | LEVEL TO BUY | MULTIBAGGER STOCK DEBT FREE STOCK #wealthfirst,"US IRAN TENSION | STOCKS TO BUY NOW | LEVEL TO BUY | MULTIBAGGER STOCK DEBT FREE STOCK #wealthfirst by Wealth First 6 months ago 21 minutes 44,052 views",6 months,"44,052"
69, Ricky Gutierrez Streamed ,mFUDZVYOlMI,https://www.youtube.com/watch?v=mFUDZVYOlMI,TOP 10 STOCKS TO BUY IN THE STOCK MARKET | SUNDAY STOCK TALK,"TOP 10 STOCKS TO BUY IN THE STOCK MARKET | SUNDAY STOCK TALK by Ricky Gutierrez Streamed 2 months ago 29 minutes 43,848 views",2 months,"43,848"
70, Charlie Chang ,Nzo7eDCC8FA,https://www.youtube.com/watch?v=Nzo7eDCC8FA,The TOP 7 E-Commerce Stocks to Buy in 2020 (High Growth),"The TOP 7 E-Commerce Stocks to Buy in 2020 (High Growth) by Charlie Chang 1 month ago 17 minutes 42,022 views",1 month,"42,022"
71," Let's Talk Money! with Joseph Hogue, CFA ",SrHmDMHphtk,https://www.youtube.com/watch?v=SrHmDMHphtk,5 Best Consumer Staples Stocks to Buy Now for 2020,"5 Best Consumer Staples Stocks to Buy Now for 2020 by Let's Talk Money! with Joseph Hogue, CFA 6 months ago 15 minutes 41,977 views",6 months,"41,977"
72, Matthew Huo ,85-WMvgEcGs,https://www.youtube.com/watch?v=85-WMvgEcGs,BEST GROWTH STOCK TO BUY NOW?? || HIDDEN GEM,"BEST GROWTH STOCK TO BUY NOW?? || HIDDEN GEM by Matthew Huo 2 weeks ago 10 minutes, 27 seconds 41,165 views",2 weeks,"41,165"
73, Ricky Gutierrez ,2fvSXT5hYFE,https://www.youtube.com/watch?v=2fvSXT5hYFE,"IS $GNUS STOCK A BUY OR SELL? (+4,200% EXPLAINED)","IS $GNUS STOCK A BUY OR SELL? (+4,200% EXPLAINED) by Ricky Gutierrez 1 month ago 12 minutes, 27 seconds 40,763 views",1 month,"40,763"
74, Learn to Invest ,VaNT59I_7Bg,https://www.youtube.com/watch?v=VaNT59I_7Bg,XOM Stock Analysis - is Exxon Mobil Stock a Good Buy Today,"XOM Stock Analysis - is Exxon Mobil Stock a Good Buy Today by Learn to Invest 1 month ago 10 minutes, 33 seconds 40,643 views",1 month,"40,643"
75, Bruce Wang ,mJPrKphivXw,https://www.youtube.com/watch?v=mJPrKphivXw,Dividend Stocks To BUY MAY 2020 (5 HIGH DIVIDEND YIELD),"Dividend Stocks To BUY MAY 2020 (5 HIGH DIVIDEND YIELD) by Bruce Wang 2 months ago 14 minutes, 30 seconds 39,297 views",2 months,"39,297"
76, Griffin Milks ,hjHl7wgOyzE,https://www.youtube.com/watch?v=hjHl7wgOyzE,How to BUY Stocks and ETFs with TD Web Broker 2019 - Setup and Open TD Direct Investing Account,"How to BUY Stocks and ETFs with TD Web Broker 2019 - Setup and Open TD Direct Investing Account by Griffin Milks 10 months ago 15 minutes 39,065 views",10 months,"39,065"
77, CNBC Television ,hKWGWDaH3n4,https://www.youtube.com/watch?v=hKWGWDaH3n4,"Investor David Tepper says he's buying tech stocks, but market may have 10% to 15% more to fall","Investor David Tepper says he's buying tech stocks, but market may have 10% to 15% more to fall by CNBC Television 3 months ago 3 minutes, 15 seconds 38,529 views",3 months,"38,529"
78, Positive Investing ,6k-YVk5K0Xw,https://www.youtube.com/watch?v=6k-YVk5K0Xw,3 Stocks to Buy July 2020,"3 Stocks to Buy July 2020 by Positive Investing 1 week ago 12 minutes, 49 seconds 36,613 views",1 week,"36,613"
79, Jerry Romine Entrepreneur Abroad ,4RCK-Z_tVEE,https://www.youtube.com/watch?v=4RCK-Z_tVEE,Top 10 Stocks To Buy. 2020 (Undervalued),"Top 10 Stocks To Buy. 2020 (Undervalued) by Jerry Romine Entrepreneur Abroad 1 month ago 12 minutes, 22 seconds 34,710 views",1 month,"34,710"
80, Positive Investing ,QbaTdGDfNxw,https://www.youtube.com/watch?v=QbaTdGDfNxw,3 Stocks to Buy May 2020,"3 Stocks to Buy May 2020 by Positive Investing 2 months ago 13 minutes, 43 seconds 32,265 views",2 months,"32,265"
81, Positive Investing ,RfMD-Gzufq8,https://www.youtube.com/watch?v=RfMD-Gzufq8,3 Stocks to Buy April 2020,"3 Stocks to Buy April 2020 by Positive Investing 3 months ago 14 minutes, 17 seconds 31,282 views",3 months,"31,282"
82, Ricky Gutierrez ,UZDOm90u8Jk,https://www.youtube.com/watch?v=UZDOm90u8Jk,‚úàÔ∏è Is American Airlines Stock (AAL) A Buy @$16 Right Now?,"‚úàÔ∏è Is American Airlines Stock (AAL) A Buy @$16 Right Now? by Ricky Gutierrez 2 weeks ago 8 minutes, 45 seconds 31,111 views",2 weeks,"31,111"
83, Wealth First ,1u4TuA_YWVU,https://www.youtube.com/watch?v=1u4TuA_YWVU,STOCK TO AVOID NOW | US IRAN TENSION | LEVEL TO BUY | MULTIBAGGER STOCK DEBT FREE STOCK #wealthfirst,"STOCK TO AVOID NOW | US IRAN TENSION | LEVEL TO BUY | MULTIBAGGER STOCK DEBT FREE STOCK #wealthfirst by Wealth First 6 months ago 15 minutes 30,957 views",6 months,"30,957"
84, Brandon Beavis Investing ,c4D-VjeZWKo,https://www.youtube.com/watch?v=c4D-VjeZWKo,2 Stocks To Buy Right Now! (Canada + US),"2 Stocks To Buy Right Now! (Canada + US) by Brandon Beavis Investing 1 month ago 14 minutes, 31 seconds 30,636 views",1 month,"30,636"
85, CNBC Television ,kAzRAnBchRw,https://www.youtube.com/watch?v=kAzRAnBchRw,"The only 3 oil stocks to buy amid rising US-Iran tensions, according to Jim Cramer","The only 3 oil stocks to buy amid rising US-Iran tensions, according to Jim Cramer by CNBC Television 6 months ago 4 minutes, 47 seconds 28,845 views",6 months,"28,845"
86, Jerry Romine Entrepreneur Abroad ,4zrfOALJgyY,https://www.youtube.com/watch?v=4zrfOALJgyY,TOP 10 Oil Stocks To Buy For 2020 (HIGH GROWTH),"TOP 10 Oil Stocks To Buy For 2020 (HIGH GROWTH) by Jerry Romine Entrepreneur Abroad 1 month ago 15 minutes 28,527 views",1 month,"28,527"
87, Ramie Jazairli ,qCUT1-2_LCE,https://www.youtube.com/watch?v=qCUT1-2_LCE,TOP THREE STOCKS TO BUY NOW: JUNE 2020 | Best Growth Stocks to Invest in Robinhood,"TOP THREE STOCKS TO BUY NOW: JUNE 2020 | Best Growth Stocks to Invest in Robinhood by Ramie Jazairli 1 month ago 13 minutes, 46 seconds 27,855 views",1 month,"27,855"
88, Charlie Chang ,GPG9Oj-2ypA,https://www.youtube.com/watch?v=GPG9Oj-2ypA,The TOP 5 Healthcare Stocks To Buy in 2020 (Recession Proof),"The TOP 5 Healthcare Stocks To Buy in 2020 (Recession Proof) by Charlie Chang 1 month ago 13 minutes 27,247 views",1 month,"27,247"
89, AK Fallible - Financial Entertainment ,5drw0oqN9yQ,https://www.youtube.com/watch?v=5drw0oqN9yQ,üî• Top 3 Stocks To BUY NOW üî• June 2020 Market Crash Cheap Stocks,"üî• Top 3 Stocks To BUY NOW üî• June 2020 Market Crash Cheap Stocks by AK Fallible - Financial Entertainment 1 month ago 12 minutes, 5 seconds 26,349 views",1 month,"26,349"
90, CNBC Television ,PepFFHZJeyc,https://www.youtube.com/watch?v=PepFFHZJeyc,Stocks set to pop as the U.S. economy reopens,"Stocks set to pop as the U.S. economy reopens by CNBC Television 2 months ago 3 minutes, 58 seconds 26,084 views",2 months,"26,084"
91, Positive Investing ,Jkqk7D1E6Xg,https://www.youtube.com/watch?v=Jkqk7D1E6Xg,Airline Stocks to Buy Now or is it Too Late?,"Airline Stocks to Buy Now or is it Too Late? by Positive Investing 4 weeks ago 14 minutes, 30 seconds 25,280 views",4 weeks,"25,280"
92," Let's Talk Money! with Joseph Hogue, CFA ",6S2K7WhROgs,https://www.youtube.com/watch?v=6S2K7WhROgs,5 Best BANK STOCKS to Buy for 2020 [Warren Buffett Portfolio],"5 Best BANK STOCKS to Buy for 2020 [Warren Buffett Portfolio] by Let's Talk Money! with Joseph Hogue, CFA 7 months ago 13 minutes, 8 seconds 25,243 views",7 months,"25,243"
93, Brandon Beavis Investing ,8iUfjdd3mmA,https://www.youtube.com/watch?v=8iUfjdd3mmA,2 Stocks To Buy Right Now (Canada + US),"2 Stocks To Buy Right Now (Canada + US) by Brandon Beavis Investing 1 month ago 11 minutes, 28 seconds 25,121 views",1 month,"25,121"
94," Let's Talk Money! with Joseph Hogue, CFA ",ffDFA5FNakk,https://www.youtube.com/watch?v=ffDFA5FNakk,5 BEST Healthcare STOCKS to Buy in 2020,"5 BEST Healthcare STOCKS to Buy in 2020 by Let's Talk Money! with Joseph Hogue, CFA 7 months ago 12 minutes, 41 seconds 24,824 views",7 months,"24,824"
95, Canadian in a T-Shirt ,_V2yBWwOZX4,https://www.youtube.com/watch?v=_V2yBWwOZX4,How to Buy Stocks? QUESTRADE Tutorial | Online Broker Walkthrough | Step by Step Investing Guide,"How to Buy Stocks? QUESTRADE Tutorial | Online Broker Walkthrough | Step by Step Investing Guide by Canadian in a T-Shirt 2 months ago 22 minutes 24,382 views",2 months,"24,382"
96, Griffin Milks ,WEEPX9YFDy0,https://www.youtube.com/watch?v=WEEPX9YFDy0,3 Canadian UNDERVALUED Stocks to BUY in 2020 (Dividend Growth),"3 Canadian UNDERVALUED Stocks to BUY in 2020 (Dividend Growth) by Griffin Milks 2 months ago 17 minutes 24,168 views",2 months,"24,168"
97, Positive Investing ,HrsHJK8awb4,https://www.youtube.com/watch?v=HrsHJK8awb4,3 Stocks to Buy June 2020,"3 Stocks to Buy June 2020 by Positive Investing 1 month ago 14 minutes, 58 seconds 23,452 views",1 month,"23,452"
98," Let's Talk Money! with Joseph Hogue, CFA ",1Wh-i9i4V28,https://www.youtube.com/watch?v=1Wh-i9i4V28,5 BEST Utility Stocks to Buy Now for 2020 [Massive CASH Return],"5 BEST Utility Stocks to Buy Now for 2020 [Massive CASH Return] by Let's Talk Money! with Joseph Hogue, CFA 7 months ago 10 minutes, 12 seconds 22,896 views",7 months,"22,896"
99, Ricky Gutierrez ,ibyWWnoFBSE,https://www.youtube.com/watch?v=ibyWWnoFBSE,üöÄAmerican Airline ($AAL) Stock A Buy? (Risk Analysis),"üöÄAmerican Airline ($AAL) Stock A Buy? (Risk Analysis) by Ricky Gutierrez 4 days ago 5 minutes, 37 seconds 21,113 views",4 days,"21,113"
100, Dejan Mac ,EhQZBr4NOJQ,https://www.youtube.com/watch?v=EhQZBr4NOJQ,5 Top Stocks To Buy Now MAY 2020 | Market Crash | ü§ë,"5 Top Stocks To Buy Now MAY 2020 | Market Crash | ü§ë by Dejan Mac 2 months ago 14 minutes, 8 seconds 20,549 views",2 months,"20,549"
101," Let's Talk Money! with Joseph Hogue, CFA ",H0QDEFvYUt8,https://www.youtube.com/watch?v=H0QDEFvYUt8,5 Best Materials and Gold Stocks to Buy Now for 2020,"5 Best Materials and Gold Stocks to Buy Now for 2020 by Let's Talk Money! with Joseph Hogue, CFA 6 months ago 12 minutes, 28 seconds 20,184 views",6 months,"20,184"
102, Anthony Balestras ,IOkY271yp9E,https://www.youtube.com/watch?v=IOkY271yp9E,Top 5 Penny Stocks to Buy NOW!üöÄ(500% Upside),"Top 5 Penny Stocks to Buy NOW!üöÄ(500% Upside) by Anthony Balestras 2 weeks ago 12 minutes, 31 seconds 20,106 views",2 weeks,"20,106"
103, Magoo Investing ,BzwD7kGn_LY,https://www.youtube.com/watch?v=BzwD7kGn_LY,5 Cheap Stocks To Buy May 2020,"5 Cheap Stocks To Buy May 2020 by Magoo Investing 1 month ago 18 minutes 20,030 views",1 month,"20,030"
104, Gregory Mannarino ,FvXeIgPHmn0,https://www.youtube.com/watch?v=FvXeIgPHmn0,"Pump It Baby! TRUMP: ""Tax Incentives To Buy Stocks."" As US Economy FREE-FALLS. Mannarino","Pump It Baby! TRUMP: ""Tax Incentives To Buy Stocks."" As US Economy FREE-FALLS. Mannarino by Gregory Mannarino 4 months ago 10 minutes, 22 seconds 19,993 views",4 months,"19,993"
105, Investing Engineered ,RgybAtS0cho,https://www.youtube.com/watch?v=RgybAtS0cho,Top 5 Best Stocks to Buy & Hold FOREVER!,"Top 5 Best Stocks to Buy & Hold FOREVER! by Investing Engineered 6 months ago 14 minutes, 42 seconds 19,065 views",6 months,"19,065"
106, Positive Investing ,uyxryN-o50E,https://www.youtube.com/watch?v=uyxryN-o50E,High GROWTH Stocks To Buy July 2020,"High GROWTH Stocks To Buy July 2020 by Positive Investing 4 days ago 14 minutes, 35 seconds 18,103 views",4 days,"18,103"
107, Dejan Mac ,93MWNBc9RM0,https://www.youtube.com/watch?v=93MWNBc9RM0,7 Top Penny Stocks To Buy NOW üöÄ| JUNE 2020 |,"7 Top Penny Stocks To Buy NOW üöÄ| JUNE 2020 | by Dejan Mac 1 month ago 16 minutes 18,082 views",1 month,"18,082"
108, Yadnya Investment Academy ,kNF1lZaEQEo,https://www.youtube.com/watch?v=kNF1lZaEQEo,"How To Buy Apple, Google, Amazon or Other Foreign Stocks? ‡§ï‡•à‡§∏‡•á BUY ‡§ï‡§∞‡•á‡§Ç Foreign Stocks?","How To Buy Apple, Google, Amazon or Other Foreign Stocks? ‡§ï‡•à‡§∏‡•á BUY ‡§ï‡§∞‡•á‡§Ç Foreign Stocks? by Yadnya Investment Academy 6 months ago 19 minutes 18,045 views",6 months,"18,045"
109, Jerry Romine Entrepreneur Abroad ,aTLv3IiL8cQ,https://www.youtube.com/watch?v=aTLv3IiL8cQ,TOP 10 Pharmaceutical Stocks To Buy 2020 Complete Analysis,"TOP 10 Pharmaceutical Stocks To Buy 2020 Complete Analysis by Jerry Romine Entrepreneur Abroad 1 month ago 13 minutes, 1 second 17,994 views",1 month,"17,994"
110, Positive Investing ,6UmfOTzEtrg,https://www.youtube.com/watch?v=6UmfOTzEtrg,Warren Buffett 3 PREMIUM Stocks To Buy NOW,"Warren Buffett 3 PREMIUM Stocks To Buy NOW by Positive Investing 1 month ago 10 minutes, 8 seconds 17,950 views",1 month,"17,950"
111, The Motley Fool ,h9k1be9B4A4,https://www.youtube.com/watch?v=h9k1be9B4A4,How to Buy Stock In Top Companies Like Apple and Amazon,"How to Buy Stock In Top Companies Like Apple and Amazon by The Motley Fool 8 months ago 5 minutes, 30 seconds 17,255 views",8 months,"17,255"
112, Jerry Romine Entrepreneur Abroad ,-nTJ5NFVc9Y,https://www.youtube.com/watch?v=-nTJ5NFVc9Y,BANK STOCKS TO BUY 2020. Complete Analysis,"BANK STOCKS TO BUY 2020. Complete Analysis by Jerry Romine Entrepreneur Abroad 2 months ago 16 minutes 17,049 views",2 months,"17,049"
113, Jerry Romine Entrepreneur Abroad ,3QbcWy142DI,https://www.youtube.com/watch?v=3QbcWy142DI,Top 4 Stocks I Bought This Week. BUY THESE STOCKS July 2020,"Top 4 Stocks I Bought This Week. BUY THESE STOCKS July 2020 by Jerry Romine Entrepreneur Abroad 1 week ago 5 minutes, 33 seconds 16,822 views",1 week,"16,822"
114, Canadian in a T-Shirt ,CuVqfQomSPc,https://www.youtube.com/watch?v=CuVqfQomSPc,How to  Buy US Stocks in Canada | QUESTRADE Guide to Investing in America | Step by Step Tutorial,"How to  Buy US Stocks in Canada | QUESTRADE Guide to Investing in America | Step by Step Tutorial by Canadian in a T-Shirt 2 months ago 16 minutes 16,789 views",2 months,"16,789"
115, Own The Chaos Stock Trading ,6WgyjtryCjM,https://www.youtube.com/watch?v=6WgyjtryCjM,"Top 3 Airline Stocks to Buy right Now ‚úàÔ∏è Delta Airlines Stock, American Airlines stocks to buy now?","Top 3 Airline Stocks to Buy right Now ‚úàÔ∏è Delta Airlines Stock, American Airlines stocks to buy now? by Own The Chaos Stock Trading 2 months ago 12 minutes, 31 seconds 16,311 views",2 months,"16,311"
116, Brandon Beavis Investing ,CqBuZjSgEDk,https://www.youtube.com/watch?v=CqBuZjSgEDk,Should you buy US Stocks Right Now as a Canadian (Explained For Beginners),"Should you buy US Stocks Right Now as a Canadian (Explained For Beginners) by Brandon Beavis Investing 2 months ago 12 minutes, 1 second 16,307 views",2 months,"16,307"
117, Positive Investing ,XYGEqEDwhwo,https://www.youtube.com/watch?v=XYGEqEDwhwo,High Growth Stocks to Buy Now 2020,"High Growth Stocks to Buy Now 2020 by Positive Investing 3 weeks ago 15 minutes 16,038 views",3 weeks,"16,038"
118, BABY FARM - Stock Market Research ,WoGvwaPt2yg,https://www.youtube.com/watch?v=WoGvwaPt2yg,10 Best Long Term Stocks to Buy and Hold (FOREVER),"10 Best Long Term Stocks to Buy and Hold (FOREVER) by BABY FARM - Stock Market Research 3 months ago 25 minutes 15,913 views",3 months,"15,913"
119, Jerry Romine Entrepreneur Abroad ,bNvN81oYBKI,https://www.youtube.com/watch?v=bNvN81oYBKI,TOP CANNABIS STOCKS TO BUY 2020. Complete Analysis,"TOP CANNABIS STOCKS TO BUY 2020. Complete Analysis by Jerry Romine Entrepreneur Abroad 1 month ago 13 minutes, 30 seconds 15,848 views",1 month,"15,848"
120, Brandon Beavis Investing ,nY0AruHL7dg,https://www.youtube.com/watch?v=nY0AruHL7dg,Best Stocks To Buy In Canada (For Beginners),"Best Stocks To Buy In Canada (For Beginners) by Brandon Beavis Investing 2 weeks ago 11 minutes, 22 seconds 15,518 views",2 weeks,"15,518"
121, Griffin Milks ,27Dtr0yO9UI,https://www.youtube.com/watch?v=27Dtr0yO9UI,Stock Market Down 30% - Stock Picks to BUY! (My Strategy),"Stock Market Down 30% - Stock Picks to BUY! (My Strategy) by Griffin Milks 3 months ago 19 minutes 14,491 views",3 months,"14,491"
122, Positive Investing ,Au0VCDTTJp4,https://www.youtube.com/watch?v=Au0VCDTTJp4,Are Airline Stocks a Buy in 2020? (My Strategy),"Are Airline Stocks a Buy in 2020? (My Strategy) by Positive Investing 3 months ago 12 minutes, 17 seconds 14,392 views",3 months,"14,392"
123, Own The Chaos Stock Trading ,6XISaiFFTTI,https://www.youtube.com/watch?v=6XISaiFFTTI,Top 5 best Stocks To Buy Now! üìà Don't let stock market highs keep you from these stocks!,"Top 5 best Stocks To Buy Now! üìà Don't let stock market highs keep you from these stocks! by Own The Chaos Stock Trading 2 weeks ago 11 minutes, 15 seconds 14,342 views",2 weeks,"14,342"
124, Positive Investing ,f1iAKL9Wkvo,https://www.youtube.com/watch?v=f1iAKL9Wkvo,Is Air Canada Stock a Buy in 2020?,"Is Air Canada Stock a Buy in 2020? by Positive Investing 2 months ago 11 minutes, 6 seconds 13,391 views",2 months,"13,391"
125, Trading Chanakya ,uE5KxsvQx_g,https://www.youtube.com/watch?v=uE5KxsvQx_g,How to buy and start trading in || international stock's || by trading chanakya,"How to buy and start trading in || international stock's || by trading chanakya by Trading Chanakya 6 months ago 8 minutes, 59 seconds 13,238 views",6 months,"13,238"
126," Let's Talk Money! with Joseph Hogue, CFA ",Azfe4KJ-idk,https://www.youtube.com/watch?v=Azfe4KJ-idk,5 Best CyberSecurity Stocks to Buy NOW,"5 Best CyberSecurity Stocks to Buy NOW by Let's Talk Money! with Joseph Hogue, CFA 5 months ago 11 minutes, 4 seconds 12,765 views",5 months,"12,765"
127, Brandon Beavis Investing ,5B5Hf2_qSiY,https://www.youtube.com/watch?v=5B5Hf2_qSiY,2 Stocks To Buy Right Now (Canada + US),"2 Stocks To Buy Right Now (Canada + US) by Brandon Beavis Investing 1 week ago 12 minutes, 41 seconds 12,243 views",1 week,"12,243"
128, Informed Tradez ,Em72IjKOyyU,https://www.youtube.com/watch?v=Em72IjKOyyU,Penny Stocks to buy now | Top 3 penny stocks to buy right now | 3 best penny stocks to buy right now,"Penny Stocks to buy now | Top 3 penny stocks to buy right now | 3 best penny stocks to buy right now by Informed Tradez 3 weeks ago 14 minutes, 29 seconds 12,136 views",3 weeks,"12,136"
129, Karen Foo ,3EB1uH0tuK8,https://www.youtube.com/watch?v=3EB1uH0tuK8,3 Singapore Stocks to Buy Now Before It's Too Late,"3 Singapore Stocks to Buy Now Before It's Too Late by Karen Foo 2 months ago 9 minutes, 6 seconds 12,076 views",2 months,"12,076"
130, Investing Engineered ,lYbAi62wlrU,https://www.youtube.com/watch?v=lYbAi62wlrU,Which Canadian Bank Stock is BEST to Buy Now?! (In-Depth Analysis of Canadian Bank Stocks),"Which Canadian Bank Stock is BEST to Buy Now?! (In-Depth Analysis of Canadian Bank Stocks) by Investing Engineered 2 months ago 20 minutes 12,052 views",2 months,"12,052"
131, CNBC Television ,ReyQg20tqn4,https://www.youtube.com/watch?v=ReyQg20tqn4,Jefferies says buy this China stock now,"Jefferies says buy this China stock now by CNBC Television 11 months ago 5 minutes, 14 seconds 11,825 views",11 months,"11,825"
132, Positive Investing ,yuZpkOdq13k,https://www.youtube.com/watch?v=yuZpkOdq13k,Are Hotel Stocks a Buy in 2020? (My Strategy),"Are Hotel Stocks a Buy in 2020? (My Strategy) by Positive Investing 3 months ago 10 minutes, 20 seconds 11,184 views",3 months,"11,184"
133, AK Fallible - Financial Entertainment ,Hm2HXijQ0vc,https://www.youtube.com/watch?v=Hm2HXijQ0vc,üö® Top 3 Stocks To BUY NOW üö® July 2020 Market Crash Cheap Stocks,"üö® Top 3 Stocks To BUY NOW üö® July 2020 Market Crash Cheap Stocks by AK Fallible - Financial Entertainment 1 week ago 16 minutes 11,063 views",1 week,"11,063"
134, Naam Wynn ,1861YCYZjS8,https://www.youtube.com/watch?v=1861YCYZjS8,7 Stocks To Buy And Hold in 2020 (Long Term Gains),"7 Stocks To Buy And Hold in 2020 (Long Term Gains) by Naam Wynn 2 months ago 18 minutes 10,820 views",2 months,"10,820"
135, Canadian in a T-Shirt ,q6Q1dzK8vts,https://www.youtube.com/watch?v=q6Q1dzK8vts,Norbert Gambit with QUESTRADE Tutorial | Best Way to Buy US Stocks | Avoid ForEx Fees CAD to USD,"Norbert Gambit with QUESTRADE Tutorial | Best Way to Buy US Stocks | Avoid ForEx Fees CAD to USD by Canadian in a T-Shirt 1 month ago 14 minutes, 37 seconds 10,802 views",1 month,"10,802"
136, INVESTING WITH M ,FEbnlyrLIWE,https://www.youtube.com/watch?v=FEbnlyrLIWE,TOP 3 STOCKS TO BUY THIS MAY üí≤üí≤ STOCKS TO BUY RIGHT NOW üí≤üí≤,"TOP 3 STOCKS TO BUY THIS MAY üí≤üí≤ STOCKS TO BUY RIGHT NOW üí≤üí≤ by INVESTING WITH M 2 months ago 5 minutes, 11 seconds 10,434 views",2 months,"10,434"
137, Positive Investing ,7BzaGpNwKAE,https://www.youtube.com/watch?v=7BzaGpNwKAE,Is Disney A Good Stock To Buy In 2020?,"Is Disney A Good Stock To Buy In 2020? by Positive Investing 1 month ago 12 minutes, 35 seconds 10,127 views",1 month,"10,127"
138, Brandon Beavis Investing ,emW3rz0f-cg,https://www.youtube.com/watch?v=emW3rz0f-cg,3 Stocks To Buy In September 2019,"3 Stocks To Buy In September 2019 by Brandon Beavis Investing 10 months ago 17 minutes 9,631 views",10 months,"9,631"
139, Stocktrades Ltd ,WDXjWScWjQY,https://www.youtube.com/watch?v=WDXjWScWjQY,Top Canadian Stocks To Buy In April 2020 | Stock Market Crash Update,"Top Canadian Stocks To Buy In April 2020 | Stock Market Crash Update by Stocktrades Ltd 2 months ago 14 minutes, 20 seconds 9,117 views",2 months,"9,117"
140, AK Fallible - Financial Entertainment ,f3Hizru690M,https://www.youtube.com/watch?v=f3Hizru690M,üö® Best 3 Stocks To BUY NOW üö® July 2020 Market Crash Cheap Stocks,"üö® Best 3 Stocks To BUY NOW üö® July 2020 Market Crash Cheap Stocks by AK Fallible - Financial Entertainment 5 days ago 16 minutes 8,471 views",5 days,"8,471"
141, Best of Us Investors ,JJXwE2DXrEs,https://www.youtube.com/watch?v=JJXwE2DXrEs,Best 5G Stocks: Buy Marvell Technology Stock,"Best 5G Stocks: Buy Marvell Technology Stock by Best of Us Investors 1 month ago 16 minutes 8,408 views",1 month,"8,408"
142, Griffin Milks ,wg6nHqeBeVw,https://www.youtube.com/watch?v=wg6nHqeBeVw,Should Canadians Buy US Stocks With Weak Canadian Dollar? (Currency Exchange For Beginners),"Should Canadians Buy US Stocks With Weak Canadian Dollar? (Currency Exchange For Beginners) by Griffin Milks 2 months ago 19 minutes 8,180 views",2 months,"8,180"
143, Market Gains ,WgYjzq0-Nn4,https://www.youtube.com/watch?v=WgYjzq0-Nn4,Cheap Dividend Stocks To Buy NOW - Robinhood Investing,"Cheap Dividend Stocks To Buy NOW - Robinhood Investing by Market Gains 2 weeks ago 17 minutes 8,072 views",2 weeks,"8,072"
144, Trading Fraternity ,L4U-_ldBmYs,https://www.youtube.com/watch?v=L4U-_ldBmYs,"THE STOCK MARKET IS GOING CRAZY!!!!! - My Watchlist - 3 STOCKS TO BUY NOW!! (TSLA, FB, NVDA)","THE STOCK MARKET IS GOING CRAZY!!!!! - My Watchlist - 3 STOCKS TO BUY NOW!! (TSLA, FB, NVDA) by Trading Fraternity 4 hours ago 16 minutes 7,881 views",4 hours,"7,881"
145, JKR - Investing Old Channel ,bVmPdlOmiCo,https://www.youtube.com/watch?v=bVmPdlOmiCo,7 UK Stocks To Buy,"7 UK Stocks To Buy by JKR - Investing Old Channel 3 months ago 12 minutes, 53 seconds 7,263 views",3 months,"7,263"
146, Magoo Investing ,9HvHPIU859c,https://www.youtube.com/watch?v=9HvHPIU859c,5 Cheap Stocks to Buy July 2020,"5 Cheap Stocks to Buy July 2020 by Magoo Investing 1 week ago 16 minutes 7,117 views",1 week,"7,117"
147, Best of Us Investors ,JviEZHqndN8,https://www.youtube.com/watch?v=JviEZHqndN8,"Stock Buying Opportunities This Week July, 6, 2020","Stock Buying Opportunities This Week July, 6, 2020 by Best of Us Investors 16 hours ago 17 minutes 6,896 views",16 hours,"6,896"
148, Best of Us Investors ,ZHcqQf_tzUM,https://www.youtube.com/watch?v=ZHcqQf_tzUM,Don‚Äôt Buy These Stocks Now,"Don‚Äôt Buy These Stocks Now by Best of Us Investors 1 week ago 17 minutes 6,356 views",1 week,"6,356"
149, Switzer Financial Group ,iMACARk0tHw,https://www.youtube.com/watch?v=iMACARk0tHw,Roger Montgomery won‚Äôt buy local but loves this US stock | Episode 11 | Switzer TV,"Roger Montgomery won‚Äôt buy local but loves this US stock | Episode 11 | Switzer TV by Switzer Financial Group 11 months ago 49 minutes 6,020 views",11 months,"6,020"
150, Stas Serfes ,26CZSzs97ac,https://www.youtube.com/watch?v=26CZSzs97ac,10 STOCKS TO BUY NOW! | Top Stocks July 2020,"10 STOCKS TO BUY NOW! | Top Stocks July 2020 by Stas Serfes 6 days ago 28 minutes 5,914 views",6 days,"5,914"
151, Brandon Beavis Investing ,8m9e0GqUIKQ,https://www.youtube.com/watch?v=8m9e0GqUIKQ,2 Stocks To Buy Right Now + Bonus Stock (Canada + US),"2 Stocks To Buy Right Now + Bonus Stock (Canada + US) by Brandon Beavis Investing 15 hours ago 17 minutes 5,643 views",15 hours,"5,643"
152, The StockWatch ,afxaZy1kWm4,https://www.youtube.com/watch?v=afxaZy1kWm4,Best Stocks to Buy NOW | Top Penny Stocks (June 2020),"Best Stocks to Buy NOW | Top Penny Stocks (June 2020) by The StockWatch 2 weeks ago 20 minutes 5,571 views",2 weeks,"5,571"
153, Investor's Business Daily ,NRRcc3Q12Ow,https://www.youtube.com/watch?v=NRRcc3Q12Ow,Is Boeing Stock A Buy Right Now?,"Is Boeing Stock A Buy Right Now? by Investor's Business Daily 4 months ago 1 minute, 54 seconds 5,047 views",4 months,"5,047"
154, Jazz Wealth Managers ,7FpGOQH2Hmk,https://www.youtube.com/watch?v=7FpGOQH2Hmk,Buy airline stocks and bet against Warren Buffett or buy the JETS ETF?,"Buy airline stocks and bet against Warren Buffett or buy the JETS ETF? by Jazz Wealth Managers 1 month ago 6 minutes, 25 seconds 4,943 views",1 month,"4,943"
155, Rick Daum ,iXfCKk43y-g,https://www.youtube.com/watch?v=iXfCKk43y-g,What are the BEST 5G Stocks to Buy?,"What are the BEST 5G Stocks to Buy? by Rick Daum 1 month ago 7 minutes, 1 second 4,827 views",1 month,"4,827"
156, Indrajit Mukherjee ,6pTOlzHqhig,https://www.youtube.com/watch?v=6pTOlzHqhig,How to Know Which Stocks to Buy and Which Stocks to Short Right Now?,"How to Know Which Stocks to Buy and Which Stocks to Short Right Now? by Indrajit Mukherjee 1 month ago 22 minutes 4,798 views",1 month,"4,798"
157, Marvin Germo ,-cf7ZT5Iq8g,https://www.youtube.com/watch?v=-cf7ZT5Iq8g,3 WAYS TO BUY FACEBOOK STOCK FOR 50 US DOLLARS ONLY,"3 WAYS TO BUY FACEBOOK STOCK FOR 50 US DOLLARS ONLY by Marvin Germo 2 days ago 16 minutes 4,698 views",2 days,"4,698"
158, Best of Us Investors ,D3Ay9SOheCU,https://www.youtube.com/watch?v=D3Ay9SOheCU,Best 5G Stocks: Buy Ericsson Stock,"Best 5G Stocks: Buy Ericsson Stock by Best of Us Investors 4 weeks ago 10 minutes, 58 seconds 4,659 views",4 weeks,"4,659"
159, Marvin Germo ,d5bOu-s0QAo,https://www.youtube.com/watch?v=d5bOu-s0QAo,STOCKS TO BUY NOW?,"STOCKS TO BUY NOW? by Marvin Germo 17 hours ago 25 minutes 4,647 views",17 hours,"4,647"
160, CakeTrader ,mTU21ZPWOGY,https://www.youtube.com/watch?v=mTU21ZPWOGY,5 PENNY STOCKS! (JULY 2020) || BEST STOCKS TO BUY NOW?,"5 PENNY STOCKS! (JULY 2020) || BEST STOCKS TO BUY NOW? by CakeTrader 1 week ago 10 minutes, 48 seconds 4,238 views",1 week,"4,238"
161, Investing Intelligently ,ZVvu7zSfYDQ,https://www.youtube.com/watch?v=ZVvu7zSfYDQ,Air Canada Stock Analysis | Airline Stocks to BUY in 2020,"Air Canada Stock Analysis | Airline Stocks to BUY in 2020 by Investing Intelligently 2 months ago 5 minutes, 15 seconds 4,129 views",2 months,"4,129"
162, Dejan Mac ,CbJa95oJ3_E,https://www.youtube.com/watch?v=CbJa95oJ3_E,5 Top Stocks To Buy Now JUNE 2020 Part 3 | Market Recovery |üíé,"5 Top Stocks To Buy Now JUNE 2020 Part 3 | Market Recovery |üíé by Dejan Mac 2 weeks ago 16 minutes 4,089 views",2 weeks,"4,089"
163, Luke W ,4dOOSWBEAno,https://www.youtube.com/watch?v=4dOOSWBEAno,Top 3 Airline Stocks To Buy Now - April 2020,"Top 3 Airline Stocks To Buy Now - April 2020 by Luke W 3 months ago 7 minutes, 43 seconds 3,963 views",3 months,"3,963"
164, Stas Serfes ,bN1Q2x5NNcc,https://www.youtube.com/watch?v=bN1Q2x5NNcc,10 STOCKS TO BUY THIS WEEK! | TOP STOCKS JULY 2020,"10 STOCKS TO BUY THIS WEEK! | TOP STOCKS JULY 2020 by Stas Serfes 1 day ago 35 minutes 3,788 views",1 day,"3,788"
165, Kelvin Learns Investing ,AOoHbLzj9Fg,https://www.youtube.com/watch?v=AOoHbLzj9Fg,"Incoming Market Crash, 5 Stocks To Buy Now!","Incoming Market Crash, 5 Stocks To Buy Now! by Kelvin Learns Investing 1 month ago 11 minutes, 42 seconds 3,769 views",1 month,"3,769"
166, Best of Us Investors ,Y5zoiijCBo0,https://www.youtube.com/watch?v=Y5zoiijCBo0,Best 5G Stocks: Buy Crown Castle - The Landlord of the Internet,"Best 5G Stocks: Buy Crown Castle - The Landlord of the Internet by Best of Us Investors 3 weeks ago 18 minutes 3,707 views",3 weeks,"3,707"
167, Manny Viloria ,aC0XKBbxsOw,https://www.youtube.com/watch?v=aC0XKBbxsOw,How To Buy Jollibee Shares of Stock,"How To Buy Jollibee Shares of Stock by Manny Viloria 11 months ago 17 minutes 3,404 views",11 months,"3,404"
168, Departures Capital ,tVytmeb6AFY,https://www.youtube.com/watch?v=tVytmeb6AFY,Is it Finally Time to BUY Aurora (NYSE:ACB) US Stock Market Hits Record High on Trade Deal Hint,"Is it Finally Time to BUY Aurora (NYSE:ACB) US Stock Market Hits Record High on Trade Deal Hint by Departures Capital 8 months ago 12 minutes, 34 seconds 3,024 views",8 months,"3,024"
169, Best of Us Investors ,pWHTaMgDIMs,https://www.youtube.com/watch?v=pWHTaMgDIMs,Should You Buy Amazon Stock at Over $2000 Per Share?,"Should You Buy Amazon Stock at Over $2000 Per Share? by Best of Us Investors 2 months ago 11 minutes, 43 seconds 2,928 views",2 months,"2,928"
170, Prosperity Research ,HkCyiFQj7so,https://www.youtube.com/watch?v=HkCyiFQj7so,Enbridge Inc. (NYSE: ENB) - Energy Stock to Buy Now,"Enbridge Inc. (NYSE: ENB) - Energy Stock to Buy Now by Prosperity Research 1 month ago 11 minutes, 16 seconds 2,800 views",1 month,"2,800"
171," Investing By The Numbers, With Simon ",QbVQRlRAdw8,https://www.youtube.com/watch?v=QbVQRlRAdw8,2 Canadian Stocks To BUY Now (June 2020) - Cheap Monthly Dividend Stocks,"2 Canadian Stocks To BUY Now (June 2020) - Cheap Monthly Dividend Stocks by Investing By The Numbers, With Simon 1 month ago 22 minutes 2,621 views",1 month,"2,621"
172, BABY FARM - Stock Market Research ,bzWFyoccSLE,https://www.youtube.com/watch?v=bzWFyoccSLE,Water Stocks to Buy for Investing in Water (TOP 3 2020),"Water Stocks to Buy for Investing in Water (TOP 3 2020) by BABY FARM - Stock Market Research 4 months ago 18 minutes 2,323 views",4 months,"2,323"
173, CNBC Television ,Lp9aln-Xnsg,https://www.youtube.com/watch?v=Lp9aln-Xnsg,"Only 3 oil stocks to buy amid US-Iran tensions, according to Jim Cramer","Only 3 oil stocks to buy amid US-Iran tensions, according to Jim Cramer by CNBC Television 6 months ago 2 minutes, 9 seconds 2,176 views",6 months,"2,176"
174, STOCKMANIX BADIYARI ,fBsmkXvBQP8,https://www.youtube.com/watch?v=fBsmkXvBQP8,"How to Invest in US Stock Market. Buy the shares of Google, Amazon, Apple, Twitter Facebook in 2020.","How to Invest in US Stock Market. Buy the shares of Google, Amazon, Apple, Twitter Facebook in 2020. by STOCKMANIX BADIYARI 1 month ago 8 minutes, 23 seconds 2,128 views",1 month,"2,128"
175, Investor's Business Daily ,z0lWyvLUKe8,https://www.youtube.com/watch?v=z0lWyvLUKe8,"Stock Market Pauses; Datadog Flies, AMD, Facebook Near Buy Points","Stock Market Pauses; Datadog Flies, AMD, Facebook Near Buy Points by Investor's Business Daily 1 month ago 7 minutes, 48 seconds 2,113 views",1 month,"2,113"
176, Gold Is A Better Way ,xmMne1KyfYk,https://www.youtube.com/watch?v=xmMne1KyfYk,The U.S. Stock Market is Going to Crash: Don't buy the dips!,"The U.S. Stock Market is Going to Crash: Don't buy the dips! by Gold Is A Better Way 3 months ago 12 minutes, 28 seconds 2,036 views",3 months,"2,036"
177, Canadian in a T-Shirt ,xnafVv6P2PQ,https://www.youtube.com/watch?v=xnafVv6P2PQ,Best US DIVIDEND Stocks in 2020 Crash | Recession Proof Investing | Dividend Kings | Passive Income,"Best US DIVIDEND Stocks in 2020 Crash | Recession Proof Investing | Dividend Kings | Passive Income by Canadian in a T-Shirt 12 hours ago 17 minutes 2,000 views",12 hours,"2,000"
178, Chris Glaze ,LLb1ULh7CaU,https://www.youtube.com/watch?v=LLb1ULh7CaU,"Are Hotel Stocks a Buy During This Market Crash (Hyatt, Hilton, Marriot)","Are Hotel Stocks a Buy During This Market Crash (Hyatt, Hilton, Marriot) by Chris Glaze 3 months ago 12 minutes, 10 seconds 1,981 views",3 months,"1,981"
179, The StockWatch ,HgYDIy7igvg,https://www.youtube.com/watch?v=HgYDIy7igvg,2 Penny Stocks With 500% Upside?! Best Stocks to Buy NOW!,"2 Penny Stocks With 500% Upside?! Best Stocks to Buy NOW! by The StockWatch 4 hours ago 11 minutes, 40 seconds 1,634 views",4 hours,"1,634"
180, Money Mine-d ,vF6IveBVaYE,https://www.youtube.com/watch?v=vF6IveBVaYE,BEST 5G STOCK TO BUY IN 2020 | In-Depth Company Analysis- ERICSSON | HIGH GROWTH DISCOUNTED PRICE,"BEST 5G STOCK TO BUY IN 2020 | In-Depth Company Analysis- ERICSSON | HIGH GROWTH DISCOUNTED PRICE by Money Mine-d 1 month ago 19 minutes 1,555 views",1 month,"1,555"
181, Jake Alexander ,gB8q4_yT-gY,https://www.youtube.com/watch?v=gB8q4_yT-gY,Best Airline Stocks To Buy Now - Complete Analysis | Ranking Every Top US Airline Stock,"Best Airline Stocks To Buy Now - Complete Analysis | Ranking Every Top US Airline Stock by Jake Alexander 1 month ago 54 minutes 1,481 views",1 month,"1,481"
182, Investlibrary ,oKeLbRP1-58,https://www.youtube.com/watch?v=oKeLbRP1-58,Etoro Philippines: How to Buy USA Stocks using eToro [For Non US Account],"Etoro Philippines: How to Buy USA Stocks using eToro [For Non US Account] by Investlibrary 2 months ago 11 minutes, 28 seconds 1,452 views",2 months,"1,452"
183, Stocks with Sam ,PGn7nO7BXjo,https://www.youtube.com/watch?v=PGn7nO7BXjo,"Are bank stocks a buy?? | ANZ, WBC, JPM, WFC, C","Are bank stocks a buy?? | ANZ, WBC, JPM, WFC, C by Stocks with Sam 1 month ago 18 minutes 1,420 views",1 month,"1,420"
184, Best of Us Investors ,JlDXG1v2Mx4,https://www.youtube.com/watch?v=JlDXG1v2Mx4,"Bought Valero  Stock Today, Will Buy Oil Storage Next","Bought Valero  Stock Today, Will Buy Oil Storage Next by Best of Us Investors 3 months ago 6 minutes, 50 seconds 1,369 views",3 months,"1,369"
185, Marvin Germo ,RewahETmjzg,https://www.youtube.com/watch?v=RewahETmjzg,WHAT US STOCKS SHOULD YOU BUY?,"WHAT US STOCKS SHOULD YOU BUY? by Marvin Germo 6 months ago 12 minutes, 11 seconds 1,361 views",6 months,"1,361"
186, Focused Compounding ,yKcBtB1r3TQ,https://www.youtube.com/watch?v=yKcBtB1r3TQ,DON'T BUY USO: Buy This Oil Stock After Oil Price Crash,"DON'T BUY USO: Buy This Oil Stock After Oil Price Crash by Focused Compounding 2 months ago 5 minutes, 37 seconds 1,294 views",2 months,"1,294"
187, JKR - Investing ,_MxCtdrBO6M,https://www.youtube.com/watch?v=_MxCtdrBO6M,3 US Stock To Buy July 2020,"3 US Stock To Buy July 2020 by JKR - Investing 5 days ago 10 minutes, 34 seconds 1,161 views",5 days,"1,161"
188, Millennial Finance ,3gafocn11vk,https://www.youtube.com/watch?v=3gafocn11vk,"3 Ways To Buy Stocks As A Malaysian | eToro, TradeStation & Rakuten Review","3 Ways To Buy Stocks As A Malaysian | eToro, TradeStation & Rakuten Review by Millennial Finance 1 month ago 11 minutes, 13 seconds 1,156 views",1 month,"1,156"
189, Kelvin Learns Investing ,Z_eLeKD4TS4,https://www.youtube.com/watch?v=Z_eLeKD4TS4,How To Buy Overseas Stocks | Step By Step Tutorial,"How To Buy Overseas Stocks | Step By Step Tutorial by Kelvin Learns Investing 3 weeks ago 7 minutes, 9 seconds 1,075 views",3 weeks,"1,075"
190, Best of Us Investors ,26ws5sd5QAI,https://www.youtube.com/watch?v=26ws5sd5QAI,Stocks To Buy In 2020 Stock Market Crash,"Stocks To Buy In 2020 Stock Market Crash by Best of Us Investors 1 month ago 10 minutes, 19 seconds 968 views",1 month,968
191, CakeTrader ,OttSi8lZ5f8,https://www.youtube.com/watch?v=OttSi8lZ5f8,THE BEST 5 STOCKS FOR JUNE 2020! Stocks To Buy Now??,THE BEST 5 STOCKS FOR JUNE 2020! Stocks To Buy Now?? by CakeTrader 1 month ago 15 minutes 905 views,1 month,905
192, JKR - Investing Old Channel ,WJ7GnTJQ8GY,https://www.youtube.com/watch?v=WJ7GnTJQ8GY,UK Stocks vs US Stocks - Which to buy?,"UK Stocks vs US Stocks - Which to buy? by JKR - Investing Old Channel 4 months ago 5 minutes, 8 seconds 836 views",4 months,836
193, US vs HERD ,xg-KtvRY0C8,https://www.youtube.com/watch?v=xg-KtvRY0C8,Tomorrow In The Stock Market - Options Trading Watchlist - 3 Stocks To Buy,"Tomorrow In The Stock Market - Options Trading Watchlist - 3 Stocks To Buy by US vs HERD 1 month ago 10 minutes, 56 seconds 783 views",1 month,783
194, Invest with Damian - StocksAndFreedom ,zH2-sr3a3d8,https://www.youtube.com/watch?v=zH2-sr3a3d8,üöÄ I Bought Facebook Stock to My Trading 212 Portfolio üá∫üá∏ How to Buy the US Stocks from Europe?,"üöÄ I Bought Facebook Stock to My Trading 212 Portfolio üá∫üá∏ How to Buy the US Stocks from Europe? by Invest with Damian - StocksAndFreedom 4 months ago 11 minutes, 57 seconds 768 views",4 months,768
195, Cube Wealth ,iCl-UxiAOaQ,https://www.youtube.com/watch?v=iCl-UxiAOaQ,"How To Invest In The US Stock Market From India (Buy Apple, Google, Amazon Stocks)","How To Invest In The US Stock Market From India (Buy Apple, Google, Amazon Stocks) by Cube Wealth 2 months ago 5 minutes, 1 second 577 views",2 months,577
196, Investing ,8yLrc6HbxH0,https://www.youtube.com/watch?v=8yLrc6HbxH0,Oil Stocks To Buy On U.S. Attack Of Iranian General,Oil Stocks To Buy On U.S. Attack Of Iranian General by Investing 2020s with Kirk Spano 6 months ago 54 minutes 548 views,6 months,548
197, Alex Douedari ,zYnCqewntB4,https://www.youtube.com/watch?v=zYnCqewntB4,The U.S. Stock Markets FOMO: Too Late To Buy Already?,The U.S. Stock Markets FOMO: Too Late To Buy Already? by Alex Douedari 2 months ago 22 minutes 487 views,2 months,487
198, Motivation ,ffXDtDGCFrE,https://www.youtube.com/watch?v=ffXDtDGCFrE,Should you buy shares in GAN now? (Stock Analysis) (US Online Gambling stocks),Should you buy shares in GAN now? (Stock Analysis) (US Online Gambling stocks) by Motivation 2 Invest 2 weeks ago 26 minutes 459 views,2 weeks,459
199, Alpha Trades ,5X6Mei4ETlo,https://www.youtube.com/watch?v=5X6Mei4ETlo,"US Stock Market | March 8, 2020 | More downside to expect? | Buy the dip or wait? | Be patient!","US Stock Market | March 8, 2020 | More downside to expect? | Buy the dip or wait? | Be patient! by Alpha Trades 3 months ago 28 minutes 448 views",3 months,448
200, A JOURNEY INTO STOCKS ,4Est3uMaIh4,https://www.youtube.com/watch?v=4Est3uMaIh4,3 U.S. STOCKS TO BUY AND HOLD FOREVER,"3 U.S. STOCKS TO BUY AND HOLD FOREVER by A JOURNEY INTO STOCKS 1 month ago 11 minutes, 43 seconds 427 views",1 month,427
201, Robin Haney ,3wvZDlmDglI,https://www.youtube.com/watch?v=3wvZDlmDglI,2 High Yield Dividend Stocks To Buy Right Now! (Canada + US),"2 High Yield Dividend Stocks To Buy Right Now! (Canada + US) by Robin Haney 2 days ago 8 minutes, 2 seconds 369 views",2 days,369
202, Tom Gentile ,XejTRUn1578,https://www.youtube.com/watch?v=XejTRUn1578,US Stocks are in for an Ugly Surprise this Month,"US Stocks are in for an Ugly Surprise this Month by Tom Gentile 3 hours ago 13 minutes, 30 seconds 338 views",3 hours,338
203, TRT World Now ,O0STScPxnaY,https://www.youtube.com/watch?v=O0STScPxnaY,US buys global stock of COVID-19 drug remdesivir,"US buys global stock of COVID-19 drug remdesivir by TRT World Now 5 days ago 6 minutes, 7 seconds 325 views",5 days,325
204, Gabriel Torres ,X__t9KMC1-0,https://www.youtube.com/watch?v=X__t9KMC1-0,Wealthsimple Trade- How To Buy Stock/ETFs,"Wealthsimple Trade- How To Buy Stock/ETFs by Gabriel Torres 2 months ago 4 minutes, 30 seconds 318 views",2 months,318
205, Stocks Adviser ,6AXgMjycX5w,https://www.youtube.com/watch?v=6AXgMjycX5w,Stocks to Buy:  KOS Kosmos Energy Ltd 2020 06 23,"Stocks to Buy:  KOS Kosmos Energy Ltd 2020 06 23 by Stocks Adviser 1 week ago 7 minutes, 27 seconds 312 views",1 week,312
206, Zacks Investment Research Streamed ,YV85a0OpJqo,https://www.youtube.com/watch?v=YV85a0OpJqo,"U.S. GDP Growth, Amazon Earnings Preview & Buy Delta Stock‚Äì Free Lunch","U.S. GDP Growth, Amazon Earnings Preview & Buy Delta Stock‚Äì Free Lunch by Zacks Investment Research Streamed 5 months ago 11 minutes, 10 seconds 273 views",5 months,273
207, Zacks Investment Research ,JojqglCjgy0,https://www.youtube.com/watch?v=JojqglCjgy0,"Stocks Fall on U.S. Blacklist, China & the NBA and Buy Roku - Free Lunch","Stocks Fall on U.S. Blacklist, China & the NBA and Buy Roku - Free Lunch by Zacks Investment Research 8 months ago 11 minutes, 16 seconds 266 views",8 months,266
208, FXTM ,C4-uMtgQnZc,https://www.youtube.com/watch?v=C4-uMtgQnZc,Buy and Sell US Stocks Commission-Free | FXTM Global,Buy and Sell US Stocks Commission-Free | FXTM Global by FXTM 2 weeks ago 16 seconds 223 views,2 weeks,223
209, Stocks Adviser ,F3TMkY0Pt6U,https://www.youtube.com/watch?v=F3TMkY0Pt6U,Stocks to Buy:  CAKE The Cheesecake Factory Inc 2020 06 27,"Stocks to Buy:  CAKE The Cheesecake Factory Inc 2020 06 27 by Stocks Adviser 1 week ago 4 minutes, 48 seconds 206 views",1 week,206
210, Ram Family ,cSIeTpHpTPY,https://www.youtube.com/watch?v=cSIeTpHpTPY,Best US Stocks To Buy Now (Avis Budget Group Stock) - Best US Stocks To Invest In 2020,"Best US Stocks To Buy Now (Avis Budget Group Stock) - Best US Stocks To Invest In 2020 by Ram Family 1 month ago 6 minutes, 26 seconds 186 views",1 month,186
211, DecDoesInvesting ,k3DYhPWyce4,https://www.youtube.com/watch?v=k3DYhPWyce4,US Dividend Stocks - To Buy Now! | Accenture Stock Analysis,"US Dividend Stocks - To Buy Now! | Accenture Stock Analysis by DecDoesInvesting 2 weeks ago 5 minutes, 32 seconds 182 views",2 weeks,182
212, Zacks Investment Research ,tvyvslV9BYc,https://www.youtube.com/watch?v=tvyvslV9BYc,"More U.S. Tariffs, October Economic Worries and a New Strong Buy Stock - Free Lunch","More U.S. Tariffs, October Economic Worries and a New Strong Buy Stock - Free Lunch by Zacks Investment Research 9 months ago 11 minutes, 4 seconds 169 views",9 months,169
213, TradingExperts ,sJ3OtF_ebgM,https://www.youtube.com/watch?v=sJ3OtF_ebgM,Why You Couldn‚Äôt Pay Us to Buy an Airline Stock,"Why You Couldn‚Äôt Pay Us to Buy an Airline Stock by TradingExperts 2 months ago 2 minutes, 23 seconds 163 views",2 months,163
214, HueFin News ,ibMfmjz5Tzs,https://www.youtube.com/watch?v=ibMfmjz5Tzs,Pinterest (PINS) Stock A Buy?,"Pinterest (PINS) Stock A Buy? by HueFin News 1 day ago 4 minutes, 56 seconds 142 views",1 day,142
215, CAP STRAT ,gc4NYeByADE,https://www.youtube.com/watch?v=gc4NYeByADE,What Are the Reasons To Continue To Buy U.S. Stocks Now?,"What Are the Reasons To Continue To Buy U.S. Stocks Now? by CAP STRAT 7 months ago 3 minutes, 20 seconds 115 views",7 months,115
216, Lion bull Academy ,Q9czvxu9UP0,https://www.youtube.com/watch?v=Q9czvxu9UP0,AGNC Next stock to buy in us Portfolio of Etoro,"AGNC Next stock to buy in us Portfolio of Etoro by Lion bull Academy 4 months ago 6 minutes, 33 seconds 108 views",4 months,108
217, Chris Virgin ,g9R-KAvR9oU,https://www.youtube.com/watch?v=g9R-KAvR9oU,It is better to buy Foreign or US stocks? | #AskChrisV Show Ep. 20,"It is better to buy Foreign or US stocks? | #AskChrisV Show Ep. 20 by Chris Virgin 1 month ago 1 minute, 11 seconds 107 views",1 month,107
218, Dunc's Money ,WrtZwTY4lJ0,https://www.youtube.com/watch?v=WrtZwTY4lJ0,Buying MODERNA Stock | Will MODERNA Make us Money | Coronavirus Vaccine Stocks | Buy Moderna Now?,"Buying MODERNA Stock | Will MODERNA Make us Money | Coronavirus Vaccine Stocks | Buy Moderna Now? by Dunc's Money 1 month ago 10 minutes, 1 second 104 views",1 month,104
219, The Ligaya Urda Channel ,RNaBomBC60Q,https://www.youtube.com/watch?v=RNaBomBC60Q,Stocks to Buy and Hold this Year . Stock Market 2020,"Stocks to Buy and Hold this Year . Stock Market 2020 by The Ligaya Urda Channel 2 months ago 4 minutes, 53 seconds 103 views",2 months,103
220, ,_wf-H3Spaug,https://www.youtube.com/watch?v=_wf-H3Spaug,Steve's Top Stock to Buy For May 2020,"Steve's Top Stock to Buy For May 2020 by 7investing 1 month ago 1 minute, 52 seconds 80 views",1 month,80
221, Stocks Trading and Investment ,a58GHUZuPTw,https://www.youtube.com/watch?v=a58GHUZuPTw,Buy Airline Stocks and US Stock Futures? (March 23rd-24th 2020),"Buy Airline Stocks and US Stock Futures? (March 23rd-24th 2020) by Stocks Trading and Investment 3 months ago 10 minutes, 4 seconds 77 views",3 months,77
222, Wealth & Investment ,6Ay1RWq-ZeM,https://www.youtube.com/watch?v=6Ay1RWq-ZeM,"Should You Buy US Airline Stocks, After Warren Buffet Sold His Stake?","Should You Buy US Airline Stocks, After Warren Buffet Sold His Stake? by Wealth & Investment 2 months ago 3 minutes, 24 seconds 70 views",2 months,70
223, RyanPDT ,UvfIfxQyPjU,https://www.youtube.com/watch?v=UvfIfxQyPjU,time to BUY AIRLINES Stocks? or NO? $AAL | #daytrading U.S. Stock Market Open,time to BUY AIRLINES Stocks? or NO? $AAL | #daytrading U.S. Stock Market Open by RyanPDT 1 month ago 20 minutes 64 views,1 month,64
224, Èòø‰∫ëÁΩë‰∫ã ,FFZpZiYGYsU,https://www.youtube.com/watch?v=FFZpZiYGYsU,"25% Return On Investment, How to buy US stocks at etoro. ÊÄéÊ†∑Âú®ÁΩë‰∏ä‰π∞ÁæéËÇ°Ôºå2019ÁæéËÇ°ÊäïËµÑÂõûÊä•Áéá25%„ÄêÈòø‰∫ëÁΩë‰∫ã„Äë#24","25% Return On Investment, How to buy US stocks at etoro. ÊÄéÊ†∑Âú®ÁΩë‰∏ä‰π∞ÁæéËÇ°Ôºå2019ÁæéËÇ°ÊäïËµÑÂõûÊä•Áéá25%„ÄêÈòø‰∫ëÁΩë‰∫ã„Äë#24 by Èòø‰∫ëÁΩë‰∫ã 5 months ago 21 minutes 63 views",5 months,63
225, finwithsks ,CAoMl66poXU,https://www.youtube.com/watch?v=CAoMl66poXU,How to Invest in us stock market from India  | How to buy us stocks from India |,"How to Invest in us stock market from India  | How to buy us stocks from India | by finwithsks 11 months ago 4 minutes, 25 seconds 52 views",11 months,52
226, CHILZLIFE ,sN2Wh5P1vQs,https://www.youtube.com/watch?v=sN2Wh5P1vQs,How to Choose Your First Stock to Buy,How to Choose Your First Stock to Buy by CHILZLIFE 3 months ago 16 minutes 48 views,3 months,48
227, Money Morning ,D43o-Ftlcmk,https://www.youtube.com/watch?v=D43o-Ftlcmk,"Stock Trading, June 10: Top Stocks to Buy (and Trade) amid a Failing U.S. Economy","Stock Trading, June 10: Top Stocks to Buy (and Trade) amid a Failing U.S. Economy by Money Morning 3 weeks ago 1 hour, 2 minutes 35 views",3 weeks,35
228, Stocks Adviser ,eoPOZdkW5Bc,https://www.youtube.com/watch?v=eoPOZdkW5Bc,Stocks to Buy: AAL American Airlines Group 2020 07 06,"Stocks to Buy: AAL American Airlines Group 2020 07 06 by Stocks Adviser 11 hours ago 7 minutes, 57 seconds 33 views",11 hours,33
229, Alan Kong ,KGBP_OAncvc,https://www.youtube.com/watch?v=KGBP_OAncvc,Is Walmart a good stock to buy? Toilet papers let us know,"Is Walmart a good stock to buy? Toilet papers let us know by Alan Kong 1 month ago 3 minutes, 51 seconds 29 views",1 month,29
230, Ng Gavin ,gWS9kvlzIz8,https://www.youtube.com/watch?v=gWS9kvlzIz8,"Buy U.S. Stocks from Your Iphone if Your a International Investor From Australia, NZ or UK","Buy U.S. Stocks from Your Iphone if Your a International Investor From Australia, NZ or UK by Ng Gavin 3 weeks ago 12 minutes, 24 seconds 29 views",3 weeks,29
231, United Global Asset ,8XEBv4MWmHA,https://www.youtube.com/watch?v=8XEBv4MWmHA,BUY DISNEY STOCK NOW! visit us at www.unitedglobalasset.com,BUY DISNEY STOCK NOW! visit us at www.unitedglobalasset.com by United Global Asset 3 weeks ago 55 seconds 24 views,3 weeks,24
232, Howtotrade ,ctkiRKOmKRU,https://www.youtube.com/watch?v=ctkiRKOmKRU,How to invest in US stocks | Buy Google Facebook Tesla stocks from India !,"How to invest in US stocks | Buy Google Facebook Tesla stocks from India ! by Howtotrade 1 month ago 14 minutes, 22 seconds 24 views",1 month,24
233, Incremental Finance ,L0jU1QJUe14,https://www.youtube.com/watch?v=L0jU1QJUe14,US Airline Stocks tanked today | Is it time to buy ?,"US Airline Stocks tanked today | Is it time to buy ? by Incremental Finance 1 month ago 3 minutes, 35 seconds 21 views",1 month,21
234, Stocks Adviser ,mvk6SRdoGHk,https://www.youtube.com/watch?v=mvk6SRdoGHk,Stocks to Buy: TNP Tsakos Energy Navigation Ltd 2020 07 06,"Stocks to Buy: TNP Tsakos Energy Navigation Ltd 2020 07 06 by Stocks Adviser 13 hours ago 6 minutes, 52 seconds 19 views",13 hours,19
235, Yash Patil ,qp-j-v0Hruo,https://www.youtube.com/watch?v=qp-j-v0Hruo,"How to buy U.S listed stocks from India |Apple, Tesla , Amazon stocks","How to buy U.S listed stocks from India |Apple, Tesla , Amazon stocks by Yash Patil 2 months ago 3 minutes, 35 seconds 11 views",2 months,11
